category,gender
Do it yourself/Do it yourself/DIY Accessories/Ladders/Combination Ladders,2
Do it yourself/Do it yourself/DIY Accessories/Ladders/Extension Ladders,2
Do it yourself/Do it yourself/DIY Accessories/Ladders/Roof Ladders,2
Do it yourself/Do it yourself/DIY Accessories/Ladders/Single Section Ladders,2
Do it yourself/Do it yourself/DIY Accessories/Ladders/Step Ladders,2
Do it yourself/Do it yourself/DIY Accessories/Ladders/Step Stools,2
Do it yourself/Do it yourself/DIY Accessories/Ladders/Wall ladders,2
Do it yourself/Do it yourself/DIY Accessories/Pallet Trucks,2
Do it yourself/Do it yourself/DIY Accessories/Sack Barrows,2
Do it yourself/Do it yourself/DIY Accessories/Saw Horses,2
Do it yourself/Do it yourself/DIY Accessories/Scaffolding,2
Do it yourself/Do it yourself/DIY Accessories/Tool Storage,2
Do it yourself/Do it yourself/DIY Accessories/Tool Storage/Assortment Box,2
Do it yourself/Do it yourself/DIY Accessories/Tool Storage/Tool Bag,2
Do it yourself/Do it yourself/DIY Accessories/Tool Storage/Tool Box,2
Do it yourself/Do it yourself/DIY Accessories/Tool Storage/Tool Trolley,2
Do it yourself/Do it yourself/DIY Accessories/Work Benches,2
Do it yourself/Do it yourself/Kitchen Sinks,0
Do it yourself/Do it yourself/Kitchen Sinks/Corner Sinks,0
Do it yourself/Do it yourself/Kitchen Sinks/Drainboard Sinks,0
Do it yourself/Do it yourself/Kitchen Sinks/Drainer Surfaces,0
Do it yourself/Do it yourself/Kitchen Sinks/Full-Size Sinks,0
Do it yourself/Do it yourself/Kitchen Sinks/Kitchen Sinks,0
Do it yourself/Do it yourself/Kitchen Sinks/Worktops,0
Do it yourself/Do it yourself/Kitchen Units,0
Do it yourself/Do it yourself/Kitchen Units/Mini Kitchens,0
Do it yourself/Do it yourself/Kitchen Units/Waste Disposal Units,0
Do it yourself/Floor Wall & Roof,0
Do it yourself/Floor Wall & Roof/Floors,0
Do it yourself/Floor Wall & Roof/Floors/Laminate flooring,0
Do it yourself/Floor Wall & Roof/Floors/Linoleum flooring,0
Do it yourself/Floor Wall & Roof/Floors/Outdoor Flooring,0
Do it yourself/Floor Wall & Roof/Floors/Plastic Flooring,0
Do it yourself/Floor Wall & Roof/Floors/Textile flooring,0
Do it yourself/Floor Wall & Roof/Floors/Wood flooring,0
Do it yourself/Floor Wall & Roof/Paint,0
Do it yourself/Floor Wall & Roof/Roof Equipment,0
Do it yourself/Floor Wall & Roof/Roof Equipment/Plastic Roofing,0
Do it yourself/Floor Wall & Roof/Roof Equipment/Plastic Roofing/Corrugated Sheet Plastic,0
Do it yourself/Floor Wall & Roof/Roof Equipment/Plastic Roofing/Other Plastic Roofs,0
Do it yourself/Floor Wall & Roof/Roof Equipment/Plastic Roofing/Polycarbonate Sheet,0
Do it yourself/Floor Wall & Roof/Roof Equipment/Roof Accessories,0
Do it yourself/Floor Wall & Roof/Roof Equipment/Roof Accessories/Gutter,0
Do it yourself/Floor Wall & Roof/Roof Equipment/Roof Accessories/Snowguards,0
Do it yourself/Floor Wall & Roof/Roof Equipment/Roof Entrance,0
Do it yourself/Floor Wall & Roof/Roof Equipment/Roof Tiles,0
Do it yourself/Floor Wall & Roof/Roof Equipment/Roof Tiles/3-Way Apex,0
Do it yourself/Floor Wall & Roof/Roof Equipment/Roof Tiles/4-Way Apex,0
Do it yourself/Floor Wall & Roof/Roof Equipment/Roof Tiles/Euro Tile,0
Do it yourself/Floor Wall & Roof/Roof Equipment/Roof Tiles/Gable Tile,0
Do it yourself/Floor Wall & Roof/Roof Equipment/Roof Tiles/Halftiles,0
Do it yourself/Floor Wall & Roof/Roof Equipment/Roof Tiles/Hipstarter,0
Do it yourself/Floor Wall & Roof/Roof Equipment/Roof Tiles/Mono Ridge Tile,0
Do it yourself/Floor Wall & Roof/Roof Equipment/Roof Tiles/Rake Tile,0
Do it yourself/Floor Wall & Roof/Roof Equipment/Roof Tiles/Ridge Connecting Tile,0
Do it yourself/Floor Wall & Roof/Roof Equipment/Roof Tiles/Ridge Tile,0
Do it yourself/Floor Wall & Roof/Roof Equipment/Roof Tiles/Ridge Tile End,0
Do it yourself/Floor Wall & Roof/Roof Equipment/Roof Tiles/Ridge Tile Start,0
Do it yourself/Floor Wall & Roof/Roof Equipment/Roof Tiles/Seam Roof Tiles,0
Do it yourself/Floor Wall & Roof/Roof Equipment/Roof Tiles/T-Apex,0
Do it yourself/Floor Wall & Roof/Roof Equipment/Roof Tiles/Two-Headed Roofing Tiles,0
Do it yourself/Floor Wall & Roof/Roof Equipment/Roof Tiles/X-nock,0
Do it yourself/Floor Wall & Roof/Roof Equipment/Tin Roof,0
Do it yourself/Floor Wall & Roof/Solar Panels,0
Do it yourself/Floor Wall & Roof/Tiles,0
Do it yourself/Floor Wall & Roof/Tiles/Brick Wall,0
Do it yourself/Floor Wall & Roof/Tiles/Clinker,0
Do it yourself/Floor Wall & Roof/Tiles/Mosaic tiles,0
Do it yourself/Floor Wall & Roof/Tiles/Natural Stone,0
Do it yourself/Floor Wall & Roof/Tiles/Tiles,0
Do it yourself/Floor Wall & Roof/Tiles/Wall Stone,0
Do it yourself/Floor Wall & Roof/Tiles/Wall panel (Bathroom),0
Do it yourself/Floor Wall & Roof/Wallpaper,0
Do it yourself/Heating & Plumbing,0
Do it yourself/Heating & Plumbing/Boilers,0
Do it yourself/Heating & Plumbing/Boilers/Accumulator Tanks,0
Do it yourself/Heating & Plumbing/Boilers/Combi Boilers,0
Do it yourself/Heating & Plumbing/Boilers/Electric Boilers,0
Do it yourself/Heating & Plumbing/Boilers/Gas Boilers,0
Do it yourself/Heating & Plumbing/Boilers/Pellet Boilers,0
Do it yourself/Heating & Plumbing/Boilers/Pellet Burners,0
Do it yourself/Heating & Plumbing/Boilers/Wood-fired Boilers,0
Do it yourself/Heating & Plumbing/Fireplaces,0
Do it yourself/Heating & Plumbing/Fireplaces/Electric Fireplaces,0
Do it yourself/Heating & Plumbing/Fireplaces/Ethanol Fireplaces,0
Do it yourself/Heating & Plumbing/Fireplaces/Fireplace Accessories,0
Do it yourself/Heating & Plumbing/Fireplaces/Fireplace Accessories/Chimneys,0
Do it yourself/Heating & Plumbing/Fireplaces/Fireplace Accessories/Fire Companion Sets,0
Do it yourself/Heating & Plumbing/Fireplaces/Fireplace Accessories/Fireplace Inserts,0
Do it yourself/Heating & Plumbing/Fireplaces/Fireplace Accessories/Fireplace Screens,0
Do it yourself/Heating & Plumbing/Fireplaces/Fireplace Accessories/Firewood Baskets,0
Do it yourself/Heating & Plumbing/Fireplaces/Fireplace Accessories/Floor Protectors,0
Do it yourself/Heating & Plumbing/Fireplaces/Fireplace Accessories/Stove Fuels,0
Do it yourself/Heating & Plumbing/Fireplaces/Gas Fires,0
Do it yourself/Heating & Plumbing/Fireplaces/Oil Stoves,0
Do it yourself/Heating & Plumbing/Fireplaces/Pellet Stoves,0
Do it yourself/Heating & Plumbing/Fireplaces/Wood Stoves,0
Do it yourself/Heating & Plumbing/Heating Pumps,0
Do it yourself/Heating & Plumbing/Heating Pumps/Air Heating Pump,0
Do it yourself/Heating & Plumbing/Heating Pumps/Air-water Heating Pump,0
Do it yourself/Building Materials/Electrical Accessories/Electrical Outlets & Plugs/Network Outlets,0
Do it yourself/Building Materials/Electrical Accessories/Electrical Outlets & Plugs/Telephone Outlets,0
Do it yourself/Building Materials/Electrical Accessories/Electrical Outlets & Plugs/USB Outlets,0
Do it yourself/Building Materials/Electrical Accessories/Power Cables,0
Do it yourself/Building Materials/Electrical Accessories/Power Cables/Cable Management & Conduit,0
Do it yourself/Building Materials/Electrical Accessories/Power Cables/Power & Electrical Cables,0
Do it yourself/Building Materials/Electrical Accessories/Power Consumption Meters,0
Do it yourself/Building Materials/Electrical Accessories/Power Distribution & Circuit Protections,0
Do it yourself/Building Materials/Electrical Accessories/Power Distribution & Circuit Protections/Central Devices,0
Do it yourself/Building Materials/Electrical Accessories/Power Distribution & Circuit Protections/Electrical Components,0
Do it yourself/Building Materials/Electrical Accessories/Power Distribution & Circuit Protections/Electrical Components/Circuit Breakers,0
Do it yourself/Building Materials/Electrical Accessories/Power Distribution & Circuit Protections/Electrical Components/Contactors & Overload Relays,0
Do it yourself/Building Materials/Electrical Accessories/Power Distribution & Circuit Protections/Electrical Components/Distribution Boxes,0
Do it yourself/Building Materials/Electrical Accessories/Power Distribution & Circuit Protections/Electrical Components/Fuses,0
Do it yourself/Building Materials/Electrical Accessories/Power Distribution & Circuit Protections/Electrical Components/Main Switches,0
Do it yourself/Building Materials/Electrical Accessories/Power Distribution & Circuit Protections/Electrical Components/Residual Current Circuit Breakers,0
Do it yourself/Building Materials/Electrical Accessories/Power Distribution & Circuit Protections/Enclosures,0
Do it yourself/Building Materials/Electrical Accessories/Power Distribution & Circuit Protections/Wall Mount Enclosures,0
Do it yourself/Building Materials/Electrical Accessories/Power Strips & Extension Cords,0
Do it yourself/Building Materials/Electrical Accessories/Power Strips & Extension Cords/Cable Reels,0
Do it yourself/Building Materials/Electrical Accessories/Power Strips & Extension Cords/Extension Cords,0
Do it yourself/Building Materials/Electrical Accessories/Power Strips & Extension Cords/Popup,0
Do it yourself/Building Materials/Electrical Accessories/Power Strips & Extension Cords/Power Strips & Branch Plugs,0
Do it yourself/Building Materials/Electrical Accessories/Power Strips & Extension Cords/Power Strips & Branch Plugs/Branch Plugs,0
Do it yourself/Building Materials/Electrical Accessories/Power Strips & Extension Cords/Power Strips & Branch Plugs/Power Strips,0
Do it yourself/Building Materials/Electrical Accessories/Power Strips & Extension Cords/Splice Outlet,0
Do it yourself/Building Materials/Electrical Accessories/Power Strips & Extension Cords/Surge Protector,0
Do it yourself/Building Materials/Electrical Accessories/Power Switches,0
Do it yourself/Building Materials/Electrical Accessories/Power Switches/Cord Switches,0
Do it yourself/Building Materials/Electrical Accessories/Power Switches/Power Switch,0
Do it yourself/Building Materials/Electrical Accessories/Power Switches/Remote Switch,0
Do it yourself/Building Materials/Electrical Accessories/Power Switches/Residual-Current Device,0
Do it yourself/Building Materials/Electrical Accessories/Timers,0
Do it yourself/Building Materials/Electrical Accessories/UPS,0
Do it yourself/Building Materials/Garage Doors,0
Do it yourself/Building Materials/Garage Doors/Garage Door Motor,0
Do it yourself/Building Materials/Garage Doors/Hinged Doors,0
Do it yourself/Building Materials/Garage Doors/Sectional Doors,0
Do it yourself/Building Materials/Insulation,0
Do it yourself/Building Materials/Insulation/Base Elements,0
Do it yourself/Building Materials/Insulation/Cellulose Insulation,0
Do it yourself/Building Materials/Insulation/Flax Insulation,0
Do it yourself/Building Materials/Insulation/Glass Wool Insulation,0
Do it yourself/Building Materials/Insulation/Insulation Board For Drainage,0
Do it yourself/Building Materials/Insulation/Insulation Board For Groundwork,0
Do it yourself/Building Materials/Insulation/Sole Plate Insulation,0
Do it yourself/Building Materials/Insulation/Stone Wool Insulation,0
Do it yourself/Building Materials/Insulation/Wood Fiber Insulation,0
Do it yourself/Building Materials/Sheet Materials,0
Do it yourself/Building Materials/Sheet Materials/Acoustic Panels,0
Do it yourself/Building Materials/Timber,0
Do it yourself/Building Materials/Timber/Decking Joists,0
Do it yourself/Building Materials/Timber/Decking Timber,0
Do it yourself/Building Materials/Windows,0
Do it yourself/Building Materials/Windows/Basement Windows,0
Do it yourself/Building Materials/Windows/Bottom Hung Windows,0
Do it yourself/Building Materials/Windows/Fixed Windows,0
Do it yourself/Building Materials/Windows/Roof Domes,0
Do it yourself/Building Materials/Windows/Roof Windows,0
Do it yourself/Building Materials/Windows/Round Windows,0
Do it yourself/Building Materials/Windows/Side-hung Windows,0
Do it yourself/Building Materials/Windows/Sideswing Windows,0
Do it yourself/Building Materials/Windows/Sliding Windows,0
Do it yourself/Building Materials/Windows/Sun Tunnels,0
Do it yourself/Building Materials/Windows/Tilt Windows,0
Do it yourself/Building Materials/Windows/Top Hung Windows,0
Do it yourself/Building Materials/Windows/Window Sills,0
Do it yourself/Conservatories Outbildings & Sheds,0
Do it yourself/Conservatories Outbildings & Sheds/Conservatories,0
Do it yourself/Conservatories Outbildings & Sheds/Outbuildings,0
Do it yourself/Conservatories Outbildings & Sheds/Outbuildings/BBQ Huts,0
Do it yourself/Conservatories Outbildings & Sheds/Outbuildings/Bicycle Shed,0
Do it yourself/Conservatories Outbildings & Sheds/Outbuildings/Carports,0
Do it yourself/Conservatories Outbildings & Sheds/Outbuildings/Firewood Shed,0
Do it yourself/Conservatories Outbildings & Sheds/Outbuildings/Garage,0
Do it yourself/Conservatories Outbildings & Sheds/Outbuildings/Garden Storage Units,0
Do it yourself/Conservatories Outbildings & Sheds/Outbuildings/Large Cabin,0
Do it yourself/Conservatories Outbildings & Sheds/Outbuildings/Medium Cabin,0
Do it yourself/Conservatories Outbildings & Sheds/Outbuildings/Outhouse,0
Do it yourself/Conservatories Outbildings & Sheds/Outbuildings/Pavilion,0
Do it yourself/Conservatories Outbildings & Sheds/Outbuildings/Sauna Sheds,0
Do it yourself/Conservatories Outbildings & Sheds/Outbuildings/Sheds,0
Do it yourself/Conservatories Outbildings & Sheds/Outbuildings/Small Cabins,0
Do it yourself/Do it yourself,0
Do it yourself/Do it yourself/Bricks & Paving,0
Do it yourself/Do it yourself/Bricks & Paving/Blocks & Bricks,0
Do it yourself/Do it yourself/Bricks & Paving/Blocks & Bricks/Concrete Blocks,0
Do it yourself/Do it yourself/Bricks & Paving/Blocks & Bricks/Concrete Brick,0
Do it yourself/Do it yourself/Bricks & Paving/Blocks & Bricks/Leca,0
Do it yourself/Do it yourself/Bricks & Paving/Bricks & Paving Accessories,0
Do it yourself/Do it yourself/Bricks & Paving/Bricks & Paving Accessories/Cement and Concrete,0
Do it yourself/Do it yourself/Bricks & Paving/Bricks & Paving Accessories/Mortar & Plaster,0
Do it yourself/Do it yourself/Bricks & Paving/Groundwork,0
Do it yourself/Do it yourself/Bricks & Paving/Groundwork/Curbestone,0
Do it yourself/Do it yourself/Bricks & Paving/Groundwork/Grass Reinforcement,0
Do it yourself/Do it yourself/Bricks & Paving/Groundwork/Paving Stones,0
Do it yourself/Do it yourself/Bricks & Paving/Groundwork/Small Stones and Sand,0
Do it yourself/Do it yourself/Bricks & Paving/Groundwork/Tiles,0
Do it yourself/Do it yourself/DIY Accessories,0
Do it yourself/Do it yourself/DIY Accessories/Ladders,0
Computing/Peripherals/Computer Mice/Standard Mice,0
Computing/Peripherals/Computer Mice/Trackballs,0
Computing/Peripherals/Computer Mice/Trackpads,0
Computing/Peripherals/Graphics Tablets,0
Computing/Peripherals/Ink & Toners,0
Computing/Peripherals/Ink & Toners/Carbon Rolls,0
Computing/Peripherals/Ink & Toners/Developers,0
Computing/Peripherals/Ink & Toners/Fusers,0
Computing/Peripherals/Ink & Toners/Ink,0
Computing/Peripherals/Ink & Toners/OPC Drums,0
Computing/Peripherals/Ink & Toners/PCR,0
Computing/Peripherals/Ink & Toners/Printheads,0
Computing/Peripherals/Ink & Toners/Ribbons,0
Computing/Peripherals/Ink & Toners/Solid Ink,0
Computing/Peripherals/Ink & Toners/Toner Cartridges,0
Computing/Peripherals/Ink & Toners/Waste Containers,0
Computing/Peripherals/Keyboards,0
Computing/Peripherals/Laptop Stands,0
Computing/Peripherals/Monitors,0
Computing/Peripherals/Mouse Pads,0
Computing/Peripherals/Printers,0
Computing/Peripherals/Scanners,0
Computing/Peripherals/Tablet Accessories,0
Computing/Peripherals/Tablet Accessories/Cases & Covers,0
Computing/Peripherals/Tablet Accessories/Cases & Covers/Back Protection,0
Computing/Peripherals/Tablet Accessories/Cases & Covers/Front & Back Protections,0
Computing/Peripherals/Tablet Accessories/Cases & Covers/Front Protection,0
Computing/Peripherals/Tablet Accessories/Cases & Covers/Sleeves,0
Computing/Peripherals/Tablet Accessories/Docking Stations,0
Computing/Peripherals/Tablet Accessories/Keyboards,0
Computing/Peripherals/Tablet Accessories/Screen Protectors,0
Computing/Peripherals/Tablet Accessories/Stylus Pens,0
Computing/Peripherals/Tablet Accessories/Tablet Holders,0
Computing/Peripherals/Webcams,0
Computing/Software,0
Computing/Software/Operating systems,0
Computing/Software/Software,0
Computing/Storage,0
Computing/Storage/External Enclosures,0
Computing/Storage/Hard Drives,0
Computing/Storage/Memory Card Readers,0
Computing/Storage/Memory Cards & USB Flash Drives,0
Computing/Storage/Memory Cards & USB Flash Drives/Memory Cards,0
Computing/Storage/Memory Cards & USB Flash Drives/USB Flash Drives,0
Computing/Storage/NAS Servers,0
Computing/Storage/Optical Drives,0
Computing/Storage/Optical Storage,0
Do it yourself,0
Do it yourself/Building Materials,0
Do it yourself/Building Materials/Building Materials,0
Do it yourself/Building Materials/Building Materials/Door Brakes,0
Do it yourself/Building Materials/Building Materials/Doorhandles & Knobs,0
Do it yourself/Building Materials/Building Materials/Doorhandles & Knobs/Cabinet Handles,0
Do it yourself/Building Materials/Building Materials/Doorhandles & Knobs/Cabinet Knobs,0
Do it yourself/Building Materials/Building Materials/Doorhandles & Knobs/Door Handles,0
Do it yourself/Building Materials/Building Materials/Doorhandles & Knobs/Door Knobs,0
Do it yourself/Building Materials/Building Materials/Doorhandles & Knobs/Inset Handles,0
Do it yourself/Building Materials/Building Materials/Doorhandles & Knobs/Window Handles,0
Do it yourself/Building Materials/Building Materials/Fixings,0
Do it yourself/Building Materials/Building Materials/Ground Anchors & Column Shoes,0
Do it yourself/Building Materials/Building Materials/Insulation Strips,0
Do it yourself/Building Materials/Building Materials/Putty & Building Chemicals,0
Do it yourself/Building Materials/Building Materials/Putty & Building Chemicals/Expansive Demolition Grout,0
Do it yourself/Building Materials/Building Materials/Putty & Building Chemicals/Foam Sealant,0
Do it yourself/Building Materials/Building Materials/Putty & Building Chemicals/Putty,0
Do it yourself/Building Materials/Building Materials/Putty & Building Chemicals/Sealant,0
Do it yourself/Building Materials/Building Materials/Putty & Building Chemicals/Silicone,0
Do it yourself/Building Materials/Building Materials/Putty & Building Chemicals/Wood Glue,0
Do it yourself/Building Materials/Building Materials/Reinforcement,0
Do it yourself/Building Materials/Building Materials/Reinforcement/Reinforcement Mesh,0
Do it yourself/Building Materials/Building Materials/Reinforcement/Reinforcing Bar,0
Do it yourself/Building Materials/Building Materials/Roofing felt,0
Do it yourself/Building Materials/Building Materials/Tape,0
Do it yourself/Building Materials/Doors,0
Do it yourself/Building Materials/Doors/External Door,0
Do it yourself/Building Materials/Doors/Folding Door,0
Do it yourself/Building Materials/Doors/Interior Doors,0
Do it yourself/Building Materials/Doors/Overlight,0
Do it yourself/Building Materials/Doors/Porch Doors,0
Do it yourself/Building Materials/Doors/Sauna Doors,0
Do it yourself/Building Materials/Doors/Shed Doors,0
Do it yourself/Building Materials/Doors/Sidelight,0
Do it yourself/Building Materials/Doors/Sliding Door,0
Do it yourself/Building Materials/Electrical Accessories,0
Do it yourself/Building Materials/Electrical Accessories/Adapters,0
Do it yourself/Building Materials/Electrical Accessories/Adapters/Power Adapter,0
Do it yourself/Building Materials/Electrical Accessories/Adapters/Travel Adapter,0
Do it yourself/Building Materials/Electrical Accessories/Cable Clips & Cable Accessories,0
Do it yourself/Building Materials/Electrical Accessories/Cable Ties,0
Do it yourself/Building Materials/Electrical Accessories/Dimmers,0
Do it yourself/Building Materials/Electrical Accessories/Dimmers/Combi Dimmers,0
Do it yourself/Building Materials/Electrical Accessories/Dimmers/Dimmer Receiver,0
Do it yourself/Building Materials/Electrical Accessories/Dimmers/Plug-in Dimmer,0
Do it yourself/Building Materials/Electrical Accessories/Dimmers/Wall dimmer,0
Do it yourself/Building Materials/Electrical Accessories/Doorbells,0
Do it yourself/Building Materials/Electrical Accessories/Electrical Outlets & Plugs,0
Do it yourself/Building Materials/Electrical Accessories/Electrical Outlets & Plugs/Antenna Outlets,0
Do it yourself/Building Materials/Electrical Accessories/Electrical Outlets & Plugs/Data Outlets,0
Do it yourself/Building Materials/Electrical Accessories/Electrical Outlets & Plugs/Electrical Outlets,0
Do it yourself/Building Materials/Electrical Accessories/Electrical Outlets & Plugs/Electrical Plugs,0
Clothing & Accessories/Shoes/Children's Shoes/Trainers,0
Clothing & Accessories/Shoes/Children's Shoes/Wellingtons,0
Clothing & Accessories/Shoes/Children's Shoes/Winter Shoes,0
Clothing & Accessories/Shoes/Shoe Care & Accessories,0
Clothing & Accessories/Shoes/Shoe Care & Accessories/Anti-Slip,0
Clothing & Accessories/Shoes/Shoe Care & Accessories/Insoles,0
Clothing & Accessories/Shoes/Shoe Care & Accessories/Shoe Accessories,0
Clothing & Accessories/Shoes/Shoe Care & Accessories/Shoe Care,0
Clothing & Accessories/Shoes/Shoes,0
Clothing & Accessories/Shoes/Shoes/Boots,0
Clothing & Accessories/Shoes/Shoes/Boots/Ankle Boots,0
Clothing & Accessories/Shoes/Shoes/Boots/Chelsea Boots,0
Clothing & Accessories/Shoes/Shoes/Boots/Chukka Boots,0
Clothing & Accessories/Shoes/Shoes/Boots/Curling Boots,0
Clothing & Accessories/Shoes/Shoes/Boots/High Boots,0
Clothing & Accessories/Shoes/Shoes/Boots/Lace Boots,0
Clothing & Accessories/Shoes/Shoes/Heels & Pumps,-1
Clothing & Accessories/Shoes/Shoes/Low Shoes,0
Clothing & Accessories/Shoes/Shoes/Low Shoes/Ballerinas,-1
Clothing & Accessories/Shoes/Shoes/Low Shoes/Boat Shoes,0
Clothing & Accessories/Shoes/Shoes/Low Shoes/Derby,0
Clothing & Accessories/Shoes/Shoes/Low Shoes/Espadrilles,0
Clothing & Accessories/Shoes/Shoes/Low Shoes/Loafers,0
Clothing & Accessories/Shoes/Shoes/Low Shoes/Moccasins,0
Clothing & Accessories/Shoes/Shoes/Low Shoes/Monks,0
Clothing & Accessories/Shoes/Shoes/Low Shoes/Oxford,0
Clothing & Accessories/Shoes/Shoes/Slippers & Sandals,0
Clothing & Accessories/Shoes/Shoes/Slippers & Sandals/Clogs,0
Clothing & Accessories/Shoes/Shoes/Slippers & Sandals/Flip-Flops,0
Clothing & Accessories/Shoes/Shoes/Slippers & Sandals/Heeled Sandals,-1
Clothing & Accessories/Shoes/Shoes/Slippers & Sandals/Outdoor Slippers,0
Clothing & Accessories/Shoes/Shoes/Slippers & Sandals/Sandals,0
Clothing & Accessories/Shoes/Shoes/Slippers & Sandals/Slides,0
Clothing & Accessories/Shoes/Shoes/Slippers & Sandals/Slippers,0
Clothing & Accessories/Shoes/Shoes/Slippers & Sandals/Sport Sandals,0
Clothing & Accessories/Shoes/Shoes/Sport Shoes,0
Clothing & Accessories/Shoes/Shoes/Sport Shoes/Basketball Shoes,0
Clothing & Accessories/Shoes/Shoes/Sport Shoes/Cycling Shoes,0
Clothing & Accessories/Shoes/Shoes/Sport Shoes/Football Shoes,0
Clothing & Accessories/Shoes/Shoes/Sport Shoes/Golf Shoes,0
Clothing & Accessories/Shoes/Shoes/Sport Shoes/Gym & Training Shoes,0
Clothing & Accessories/Shoes/Shoes/Sport Shoes/Handball Shoes,0
Clothing & Accessories/Shoes/Shoes/Sport Shoes/Hiking Shoes,0
Clothing & Accessories/Shoes/Shoes/Sport Shoes/Racket Sport Shoes,0
Clothing & Accessories/Shoes/Shoes/Sport Shoes/Running Shoes,0
Clothing & Accessories/Shoes/Shoes/Sport Shoes/Volleyball Shoes,0
Clothing & Accessories/Shoes/Shoes/Sport Shoes/Walking Shoes,0
Clothing & Accessories/Shoes/Shoes/Trainers,0
Clothing & Accessories/Shoes/Shoes/Wellingtons,0
Computing,0
Computing/Components,0
Computing/Components/CPUs,0
Computing/Components/Capture & TV Cards,0
Computing/Components/Capture & TV Cards/Capture & Video Cards,0
Computing/Components/Capture & TV Cards/TV Cards,0
Computing/Components/Computer Cases,0
Computing/Components/Computer Cooling,0
Computing/Components/Computer Cooling/CPU Coolers,0
Computing/Components/Computer Cooling/Controllers,0
Computing/Components/Computer Cooling/Fans,0
Computing/Components/Computer Cooling/Graphics Card Coolers,0
Computing/Components/Computer Cooling/Grills,0
Computing/Components/Computer Cooling/HDD Coolers,0
Computing/Components/Computer Cooling/Laptop Coolers,0
Computing/Components/Computer Cooling/RAM Coolers,0
Computing/Components/Computer Cooling/Thermal Paste,0
Computing/Components/Computer Cooling/Water Coolers,0
Computing/Components/Controller Cards,0
Computing/Components/Graphics Cards,0
Computing/Components/Motherboards,0
Computing/Components/Network Cards & Bluetooth Adapters,0
Computing/Components/Network Cards & Bluetooth Adapters/Bluetooth Adapters,0
Computing/Components/Network Cards & Bluetooth Adapters/Network Cards,0
Computing/Components/Network Cards & Bluetooth Adapters/Wireless Network Cards,0
Computing/Components/PSU Units,0
Computing/Components/RAM Memory,0
Computing/Components/Sound Cards,0
Computing/Computers,0
Computing/Computers/Desktop Computers,0
Computing/Computers/Laptops,0
Computing/Computers/Tablets,0
Computing/Computers/eReaders,0
Computing/Networking,0
Computing/Networking/Access Points Bridges & Repeaters,0
Computing/Networking/Firewalls,0
Computing/Networking/KVM Switches,0
Computing/Networking/Mobile Modems,0
Computing/Networking/Routers,0
Computing/Networking/Switches,0
Computing/Networking/USB Hubs,0
Computing/Peripherals,0
Computing/Peripherals/3D Printing,0
Computing/Peripherals/3D Printing/3D-Printers,0
Computing/Peripherals/3D Printing/3D-Scanners,0
Computing/Peripherals/3D Printing/Filaments,0
Computing/Peripherals/Computer Mice,0
Computing/Peripherals/Computer Mice/3D Mice,0
Computing/Peripherals/Computer Mice/Gaming Mice,0
Computing/Peripherals/Computer Mice/Pen Mice,0
Computing/Peripherals/Computer Mice/Rollerbars,0
Clothing & Accessories/Clothing/Underwear/Bras,-2
Clothing & Accessories/Clothing/Underwear/Knickers,-2
Clothing & Accessories/Clothing/Underwear/Lingerie Accessories,-2
Clothing & Accessories/Clothing/Underwear/Lingerie Accessories/Bandelettes,-2
Clothing & Accessories/Clothing/Underwear/Lingerie Accessories/Bra Extenders,-2
Clothing & Accessories/Clothing/Underwear/Lingerie Accessories/Bra Pads,-2
Clothing & Accessories/Clothing/Underwear/Lingerie Accessories/Breast Tape,-2
Clothing & Accessories/Clothing/Underwear/Lingerie Accessories/Garter Belts,-2
Clothing & Accessories/Clothing/Underwear/Lingerie Accessories/Garters,-2
Clothing & Accessories/Clothing/Underwear/Lingerie Accessories/Nipple Covers,-2
Clothing & Accessories/Clothing/Underwear/Lingerie Accessories/Shoulder Straps,-2
Clothing & Accessories/Clothing/Underwear/Lingerie Sets,-2
Clothing & Accessories/Clothing/Underwear/Long Johns,1
Clothing & Accessories/Clothing/Underwear/Men's Underwear,2
Clothing & Accessories/Clothing/Underwear/Night Garments,-1
Clothing & Accessories/Clothing/Underwear/Night Garments/Negligées,-2
Clothing & Accessories/Clothing/Underwear/Night Garments/Nightgowns,-2
Clothing & Accessories/Clothing/Underwear/Night Garments/Pyjamas,0
Clothing & Accessories/Clothing/Underwear/Night Garments/Robes,0
Clothing & Accessories/Clothing/Underwear/Shapewear & Under Garments,-1
Clothing & Accessories/Clothing/Underwear/Shapewear & Under Garments/Bodysuits,-1
Clothing & Accessories/Clothing/Underwear/Shapewear & Under Garments/Corsets,-2
Clothing & Accessories/Clothing/Underwear/Shapewear & Under Garments/Girdles,-1
Clothing & Accessories/Clothing/Underwear/Shapewear & Under Garments/Under Dresses,-1
Clothing & Accessories/Clothing/Underwear/Shapewear & Under Garments/Underskirts,-1
Clothing & Accessories/Clothing/Underwear/Socks,0
Clothing & Accessories/Clothing/Underwear/Tights & Stay-Ups,-1
Clothing & Accessories/Clothing/Underwear/Tights & Stay-Ups/Leggings,-1
Clothing & Accessories/Clothing/Underwear/Tights & Stay-Ups/Stay-Ups,-1
Clothing & Accessories/Clothing/Underwear/Tights & Stay-Ups/Support Tights,-1
Clothing & Accessories/Clothing/Underwear/Tights & Stay-Ups/Tights,-1
Clothing & Accessories/Clothing/Women's Clothing,-2
Clothing & Accessories/Clothing/Women's Clothing/Accessories,-1
Clothing & Accessories/Clothing/Women's Clothing/Accessories/Belts,-1
Clothing & Accessories/Clothing/Women's Clothing/Accessories/Gloves & Mittens,-1
Clothing & Accessories/Clothing/Women's Clothing/Accessories/Gloves & Mittens/Gloves,-1
Clothing & Accessories/Clothing/Women's Clothing/Accessories/Gloves & Mittens/Mittens,-1
Clothing & Accessories/Clothing/Women's Clothing/Accessories/Headgear,-1
Clothing & Accessories/Clothing/Women's Clothing/Accessories/Headgear/Beanies,-1
Clothing & Accessories/Clothing/Women's Clothing/Accessories/Headgear/Caps,-1
Clothing & Accessories/Clothing/Women's Clothing/Accessories/Headgear/Hats,-1
Clothing & Accessories/Clothing/Women's Clothing/Accessories/Headgear/Headbands,-1
Clothing & Accessories/Clothing/Women's Clothing/Accessories/Scarfs,-1
Clothing & Accessories/Clothing/Women's Clothing/Dresses,-2
Clothing & Accessories/Clothing/Women's Clothing/Jumpsuits,-2
Clothing & Accessories/Clothing/Women's Clothing/Outerwear,-1
Clothing & Accessories/Clothing/Women's Clothing/Outerwear/Capes & Ponchos,-2
Clothing & Accessories/Clothing/Women's Clothing/Outerwear/Coats,-1
Clothing & Accessories/Clothing/Women's Clothing/Outerwear/Jackets,-1
Clothing & Accessories/Clothing/Women's Clothing/Outerwear/Outdoor Vests,-1
Clothing & Accessories/Clothing/Women's Clothing/Outerwear/Rain Clothes,0
Clothing & Accessories/Clothing/Women's Clothing/Outerwear/Rain Clothes/Rain Jackets & Rain Coats,0
Clothing & Accessories/Clothing/Women's Clothing/Outerwear/Rain Clothes/Rain Sets,0
Clothing & Accessories/Clothing/Women's Clothing/Outerwear/Rain Clothes/Rain Trousers,0
Clothing & Accessories/Clothing/Women's Clothing/Outerwear/Thermal Skirts,-1
Clothing & Accessories/Clothing/Women's Clothing/Skirts,-2
Clothing & Accessories/Clothing/Women's Clothing/Swimwear,-2
Clothing & Accessories/Clothing/Women's Clothing/Swimwear/Bikinis,-2
Clothing & Accessories/Clothing/Women's Clothing/Swimwear/Bikinis/Bikini Bottoms,-2
Clothing & Accessories/Clothing/Women's Clothing/Swimwear/Bikinis/Bikini Set,-2
Clothing & Accessories/Clothing/Women's Clothing/Swimwear/Bikinis/Bikini Tops,-2
Clothing & Accessories/Clothing/Women's Clothing/Swimwear/Burkinis & Modest Swimwear,-2
Clothing & Accessories/Clothing/Women's Clothing/Swimwear/Swimsuits,-2
Clothing & Accessories/Clothing/Women's Clothing/Swimwear/Tankinis,-2
Clothing & Accessories/Clothing/Women's Clothing/Tops,-1
Clothing & Accessories/Clothing/Women's Clothing/Tops/Blazers,-1
Clothing & Accessories/Clothing/Women's Clothing/Tops/Blouses,-2
Clothing & Accessories/Clothing/Women's Clothing/Tops/Cardigans,-1
Clothing & Accessories/Clothing/Women's Clothing/Tops/Jumpers,-1
Clothing & Accessories/Clothing/Women's Clothing/Tops/Shirts,-1
Clothing & Accessories/Clothing/Women's Clothing/Tops/T-shirts & Tank Tops,-1
Clothing & Accessories/Clothing/Women's Clothing/Tops/T-shirts & Tank Tops/Polo Shirt,-1
Clothing & Accessories/Clothing/Women's Clothing/Tops/T-shirts & Tank Tops/T-shirts,-1
Clothing & Accessories/Clothing/Women's Clothing/Tops/T-shirts & Tank Tops/Tank Tops,-1
Clothing & Accessories/Clothing/Women's Clothing/Trousers & Shorts,-1
Clothing & Accessories/Clothing/Women's Clothing/Trousers & Shorts/Jeans,-1
Clothing & Accessories/Clothing/Women's Clothing/Trousers & Shorts/Shorts,-1
Clothing & Accessories/Clothing/Women's Clothing/Trousers & Shorts/Tights & Leggings,-1
Clothing & Accessories/Clothing/Women's Clothing/Trousers & Shorts/Trousers,-1
Clothing & Accessories/Shoes,0
Clothing & Accessories/Shoes/Children's Shoes,0
Clothing & Accessories/Shoes/Children's Shoes/Ballerinas,0
Clothing & Accessories/Shoes/Children's Shoes/Beach Shoes,0
Clothing & Accessories/Shoes/Children's Shoes/Boots,0
Clothing & Accessories/Shoes/Children's Shoes/Espadrilles,0
Clothing & Accessories/Shoes/Children's Shoes/First Steps,0
Clothing & Accessories/Shoes/Children's Shoes/Flip Flops,0
Clothing & Accessories/Shoes/Children's Shoes/Indoor Shoes,0
Clothing & Accessories/Shoes/Children's Shoes/Indoor Shoes/Baby Booties,0
Clothing & Accessories/Shoes/Children's Shoes/Low Top Shoes,0
Clothing & Accessories/Shoes/Children's Shoes/Outdoor Shoes,0
Clothing & Accessories/Shoes/Children's Shoes/Roller Shoes,0
Clothing & Accessories/Shoes/Children's Shoes/Sandals,0
Clothing & Accessories/Shoes/Children's Shoes/Slippers,0
Clothing & Accessories/Shoes/Children's Shoes/Sport Shoes,0
Clothing & Accessories/Shoes/Children's Shoes/Sport Shoes/Football Shoes,0
Clothing & Accessories/Shoes/Children's Shoes/Sport Shoes/Golf Shoes,0
Clothing & Accessories/Shoes/Children's Shoes/Sport Shoes/Indoor Sport Shoes,0
Clothing & Accessories/Shoes/Children's Shoes/Sport Shoes/Racket Sport Shoes,0
Clothing & Accessories/Shoes/Children's Shoes/Sport Shoes/Running Shoes,0
Clothing & Accessories/Clothing/Clothing/Trousers & Shorts/Shorts,0
Clothing & Accessories/Clothing/Clothing/Trousers & Shorts/Tights,-1
Clothing & Accessories/Clothing/Clothing/Trousers & Shorts/Trousers,0
Clothing & Accessories/Clothing/Clothing/Underwear,0
Clothing & Accessories/Clothing/Clothing/Underwear/Base Layers,0
Clothing & Accessories/Clothing/Clothing/Underwear/Base Layers/Base Layer Sets,0
Clothing & Accessories/Clothing/Clothing/Underwear/Base Layers/Base Layer Tops,0
Clothing & Accessories/Clothing/Clothing/Underwear/Base Layers/Base Layer Trousers,0
Clothing & Accessories/Clothing/Clothing/Underwear/Bras,-2
Clothing & Accessories/Clothing/Clothing/Underwear/Knickers,-1
Clothing & Accessories/Clothing/Clothing/Underwear/Lingeire Accessories,-1
Clothing & Accessories/Clothing/Clothing/Underwear/Lingeire Accessories/Bandelettes,-1
Clothing & Accessories/Clothing/Clothing/Underwear/Lingeire Accessories/Bra Extenders,-1
Clothing & Accessories/Clothing/Clothing/Underwear/Lingeire Accessories/Bra Pads,-1
Clothing & Accessories/Clothing/Clothing/Underwear/Lingeire Accessories/Breast Tape,-1
Clothing & Accessories/Clothing/Clothing/Underwear/Lingeire Accessories/Garter Belts,-2
Clothing & Accessories/Clothing/Clothing/Underwear/Lingeire Accessories/Nipple Covers,-1
Clothing & Accessories/Clothing/Clothing/Underwear/Lingerie Sets,-2
Clothing & Accessories/Clothing/Clothing/Underwear/Men's Underwear,2
Clothing & Accessories/Clothing/Clothing/Underwear/Shapewear & Under Garments,-1
Clothing & Accessories/Clothing/Clothing/Underwear/Shapewear & Under Garments/Bodysuits,-1
Clothing & Accessories/Clothing/Clothing/Underwear/Shapewear & Under Garments/Corsets,-2
Clothing & Accessories/Clothing/Clothing/Underwear/Shapewear & Under Garments/Girdles,-1
Clothing & Accessories/Clothing/Clothing/Underwear/Shapewear & Under Garments/Under Dresses,-1
Clothing & Accessories/Clothing/Clothing/Underwear/Shapewear & Under Garments/Underskirts,-2
Clothing & Accessories/Clothing/Clothing/Underwear/Sleepwear,0
Clothing & Accessories/Clothing/Clothing/Underwear/Sleepwear/Negligées,-2
Clothing & Accessories/Clothing/Clothing/Underwear/Sleepwear/Nightgowns,-1
Clothing & Accessories/Clothing/Clothing/Underwear/Sleepwear/Pyjamas,0
Clothing & Accessories/Clothing/Clothing/Underwear/Sleepwear/Robes,0
Clothing & Accessories/Clothing/Clothing/Underwear/Socks,0
Clothing & Accessories/Clothing/Clothing/Underwear/Tights & Stay-Ups,-1
Clothing & Accessories/Clothing/Clothing/Underwear/Tights & Stay-Ups/Leggings,-1
Clothing & Accessories/Clothing/Clothing/Underwear/Tights & Stay-Ups/Stay-Ups,-1
Clothing & Accessories/Clothing/Clothing/Underwear/Tights & Stay-Ups/Support Tights,-1
Clothing & Accessories/Clothing/Clothing/Underwear/Tights & Stay-Ups/Tights,-1
Clothing & Accessories/Clothing/Men's Clothing,2
Clothing & Accessories/Clothing/Men's Clothing/Accessories,2
Clothing & Accessories/Clothing/Men's Clothing/Accessories/Beanies,2
Clothing & Accessories/Clothing/Men's Clothing/Accessories/Belts,2
Clothing & Accessories/Clothing/Men's Clothing/Accessories/Bucket hats,2
Clothing & Accessories/Clothing/Men's Clothing/Accessories/Caps,2
Clothing & Accessories/Clothing/Men's Clothing/Accessories/Gloves,2
Clothing & Accessories/Clothing/Men's Clothing/Accessories/Handkerchiefs,2
Clothing & Accessories/Clothing/Men's Clothing/Accessories/Ties,2
Clothing & Accessories/Clothing/Men's Clothing/Accessories/Wool Scarfs,2
Clothing & Accessories/Clothing/Men's Clothing/Outerwear,2
Clothing & Accessories/Clothing/Men's Clothing/Outerwear/Coats,2
Clothing & Accessories/Clothing/Men's Clothing/Outerwear/Jackets,2
Clothing & Accessories/Clothing/Men's Clothing/Outerwear/Rain Clothes,2
Clothing & Accessories/Clothing/Men's Clothing/Outerwear/Rain Clothes/Rain Hats,2
Clothing & Accessories/Clothing/Men's Clothing/Outerwear/Rain Clothes/Rain Jackets,2
Clothing & Accessories/Clothing/Men's Clothing/Outerwear/Rain Clothes/Rain Ponchos,2
Clothing & Accessories/Clothing/Men's Clothing/Outerwear/Rain Clothes/Waterproof Trousers,2
Clothing & Accessories/Clothing/Men's Clothing/Outerwear/Vests,2
Clothing & Accessories/Clothing/Men's Clothing/Shirts,2
Clothing & Accessories/Clothing/Men's Clothing/Suits,2
Clothing & Accessories/Clothing/Men's Clothing/Suits/Blazers,2
Clothing & Accessories/Clothing/Men's Clothing/Suits/Suit Trousers,2
Clothing & Accessories/Clothing/Men's Clothing/Suits/Suit Vests,2
Clothing & Accessories/Clothing/Men's Clothing/Suits/Suits,2
Clothing & Accessories/Clothing/Men's Clothing/Sweaters,2
Clothing & Accessories/Clothing/Men's Clothing/Swimwear,2
Clothing & Accessories/Clothing/Men's Clothing/T-Shirts & Tops,2
Clothing & Accessories/Clothing/Men's Clothing/T-Shirts & Tops/Polo Shirts,2
Clothing & Accessories/Clothing/Men's Clothing/T-Shirts & Tops/T-Shirts,2
Clothing & Accessories/Clothing/Men's Clothing/T-Shirts & Tops/Tank Tops,2
Clothing & Accessories/Clothing/Men's Clothing/Trousers & Shorts,2
Clothing & Accessories/Clothing/Men's Clothing/Trousers & Shorts/Jeans,2
Clothing & Accessories/Clothing/Men's Clothing/Trousers & Shorts/Shorts,2
Clothing & Accessories/Clothing/Men's Clothing/Trousers & Shorts/Trousers,2
Clothing & Accessories/Clothing/Sportswear,0
Clothing & Accessories/Clothing/Sportswear/Accessories,0
Clothing & Accessories/Clothing/Sportswear/Accessories/Caps,0
Clothing & Accessories/Clothing/Sportswear/Accessories/Running Belts,0
Clothing & Accessories/Clothing/Sportswear/Accessories/Socks,0
Clothing & Accessories/Clothing/Sportswear/Accessories/Training Gloves,0
Clothing & Accessories/Clothing/Sportswear/Accessories/Training Gloves/Gym Gloves,0
Clothing & Accessories/Clothing/Sportswear/Accessories/Training Gloves/Running Gloves,0
Clothing & Accessories/Clothing/Sportswear/Accessories/Training Gloves/Winter Gloves,0
Clothing & Accessories/Clothing/Sportswear/Accessories/Warmer,0
Clothing & Accessories/Clothing/Sportswear/Base Layers,0
Clothing & Accessories/Clothing/Sportswear/Compression Clothing,0
Clothing & Accessories/Clothing/Sportswear/Cycling Clothing,0
Clothing & Accessories/Clothing/Sportswear/Cycling Clothing/Cycling Gloves,0
Clothing & Accessories/Clothing/Sportswear/Cycling Clothing/Cycling Jackets,0
Clothing & Accessories/Clothing/Sportswear/Cycling Clothing/Cycling Pants,0
Clothing & Accessories/Clothing/Sportswear/Cycling Clothing/Cycling Tops,0
Clothing & Accessories/Clothing/Sportswear/Heated Clothing,0
Clothing & Accessories/Clothing/Sportswear/Jackets,0
Clothing & Accessories/Clothing/Sportswear/Pants,0
Clothing & Accessories/Clothing/Sportswear/Shorts,0
Clothing & Accessories/Clothing/Sportswear/Skirts,-1
Clothing & Accessories/Clothing/Sportswear/Sports Bra,-2
Clothing & Accessories/Clothing/Sportswear/Sweaters & Hoodies,0
Clothing & Accessories/Clothing/Sportswear/T-shirts & Tops,0
Clothing & Accessories/Clothing/Sportswear/Tank Tops,0
Clothing & Accessories/Clothing/Sportswear/Tights,-1
Clothing & Accessories/Clothing/Sportswear/Tracksuits,0
Clothing & Accessories/Clothing/Underwear,0
Clothing & Accessories/Clothing/Children's Clothing/Outerwear/Shell Outerwear,0
Clothing & Accessories/Clothing/Children's Clothing/Outerwear/Shell Outerwear/Shell Jackets,0
Clothing & Accessories/Clothing/Children's Clothing/Outerwear/Shell Outerwear/Shell Overalls,0
Clothing & Accessories/Clothing/Children's Clothing/Outerwear/Shell Outerwear/Shell Pants,0
Clothing & Accessories/Clothing/Children's Clothing/Outerwear/Shell Outerwear/Shell Sets,0
Clothing & Accessories/Clothing/Children's Clothing/Outerwear/Winter Sets,0
Clothing & Accessories/Clothing/Children's Clothing/Playsuits,0
Clothing & Accessories/Clothing/Children's Clothing/Skirts,-1
Clothing & Accessories/Clothing/Children's Clothing/Suits,1
Clothing & Accessories/Clothing/Children's Clothing/Swimwear,0
Clothing & Accessories/Clothing/Children's Clothing/Swimwear/Bathing Suits,-1
Clothing & Accessories/Clothing/Children's Clothing/Swimwear/Bikinis,-2
Clothing & Accessories/Clothing/Children's Clothing/Swimwear/Swim Caps,0
Clothing & Accessories/Clothing/Children's Clothing/Swimwear/Swim Diapers,0
Clothing & Accessories/Clothing/Children's Clothing/Swimwear/Swim Shorts,1
Clothing & Accessories/Clothing/Children's Clothing/Swimwear/UV Clothes,0
Clothing & Accessories/Clothing/Children's Clothing/Swimwear/UV Clothes/UV Hats,0
Clothing & Accessories/Clothing/Children's Clothing/Swimwear/UV Clothes/UV Pants,0
Clothing & Accessories/Clothing/Children's Clothing/Swimwear/UV Clothes/UV Sets,0
Clothing & Accessories/Clothing/Children's Clothing/Swimwear/UV Clothes/UV Shirts,0
Clothing & Accessories/Clothing/Children's Clothing/Swimwear/UV Clothes/UV Suits,0
Clothing & Accessories/Clothing/Children's Clothing/Tops,0
Clothing & Accessories/Clothing/Children's Clothing/Tops/Blazers,1
Clothing & Accessories/Clothing/Children's Clothing/Tops/Blouses & Tunics,-1
Clothing & Accessories/Clothing/Children's Clothing/Tops/Cardigans,0
Clothing & Accessories/Clothing/Children's Clothing/Tops/Christmas Sweaters,0
Clothing & Accessories/Clothing/Children's Clothing/Tops/Hoodies,0
Clothing & Accessories/Clothing/Children's Clothing/Tops/Knitted Sweaters,0
Clothing & Accessories/Clothing/Children's Clothing/Tops/Knitted Vests,0
Clothing & Accessories/Clothing/Children's Clothing/Tops/Polo Shirts,1
Clothing & Accessories/Clothing/Children's Clothing/Tops/Shirts,1
Clothing & Accessories/Clothing/Children's Clothing/Tops/Sweatshirts,0
Clothing & Accessories/Clothing/Children's Clothing/Tops/T-shirts,0
Clothing & Accessories/Clothing/Children's Clothing/Tops/Tank Tops,0
Clothing & Accessories/Clothing/Children's Clothing/Tops/Tops,0
Clothing & Accessories/Clothing/Children's Clothing/Tops/Turtlenecks,0
Clothing & Accessories/Clothing/Children's Clothing/Tracksuits,0
Clothing & Accessories/Clothing/Children's Clothing/Trousers,0
Clothing & Accessories/Clothing/Children's Clothing/Underwear,0
Clothing & Accessories/Clothing/Children's Clothing/Underwear/Boxer Shorts,1
Clothing & Accessories/Clothing/Children's Clothing/Underwear/Bralettes,-2
Clothing & Accessories/Clothing/Children's Clothing/Underwear/Knickers,-1
Clothing & Accessories/Clothing/Children's Clothing/Underwear/Long Johns,0
Clothing & Accessories/Clothing/Children's Clothing/Underwear/Pantyhoses,-1
Clothing & Accessories/Clothing/Children's Clothing/Underwear/Socks,0
Clothing & Accessories/Clothing/Children's Clothing/Underwear/Underpants,1
Clothing & Accessories/Clothing/Children's Clothing/Underwear/Undershirts,0
Clothing & Accessories/Clothing/Children's Clothing/Underwear/Underwear Sets,0
Clothing & Accessories/Clothing/Clothing,0
Clothing & Accessories/Clothing/Clothing/Accessories,0
Clothing & Accessories/Clothing/Clothing/Accessories/Arm- & Leg Warmers,0
Clothing & Accessories/Clothing/Clothing/Accessories/Belts,0
Clothing & Accessories/Clothing/Clothing/Accessories/Bow Ties,1
Clothing & Accessories/Clothing/Clothing/Accessories/Gloves & Mittens,0
Clothing & Accessories/Clothing/Clothing/Accessories/Gloves & Mittens/Gloves,0
Clothing & Accessories/Clothing/Clothing/Accessories/Gloves & Mittens/Mittens,0
Clothing & Accessories/Clothing/Clothing/Accessories/Handkerchiefs,0
Clothing & Accessories/Clothing/Clothing/Accessories/Headgear,0
Clothing & Accessories/Clothing/Clothing/Accessories/Headgear/Beanies,0
Clothing & Accessories/Clothing/Clothing/Accessories/Headgear/Caps,0
Clothing & Accessories/Clothing/Clothing/Accessories/Headgear/Hats,0
Clothing & Accessories/Clothing/Clothing/Accessories/Headgear/Headbands,0
Clothing & Accessories/Clothing/Clothing/Accessories/Running Belts,0
Clothing & Accessories/Clothing/Clothing/Accessories/Scarfs,0
Clothing & Accessories/Clothing/Clothing/Accessories/Ties,1
Clothing & Accessories/Clothing/Clothing/Dresses,-2
Clothing & Accessories/Clothing/Clothing/Jumpsuits & Overalls,0
Clothing & Accessories/Clothing/Clothing/Outerwear,0
Clothing & Accessories/Clothing/Clothing/Outerwear/Capes & Ponchos,-1
Clothing & Accessories/Clothing/Clothing/Outerwear/Coats,0
Clothing & Accessories/Clothing/Clothing/Outerwear/Jackets,0
Clothing & Accessories/Clothing/Clothing/Outerwear/Rain Clothes,0
Clothing & Accessories/Clothing/Clothing/Outerwear/Rain Clothes/Rain Jackets & Rain Coats,0
Clothing & Accessories/Clothing/Clothing/Outerwear/Rain Clothes/Rain Sets,0
Clothing & Accessories/Clothing/Clothing/Outerwear/Rain Clothes/Rain Trousers,0
Clothing & Accessories/Clothing/Clothing/Outerwear/Thermal Skirts,-1
Clothing & Accessories/Clothing/Clothing/Outerwear/Vests,0
Clothing & Accessories/Clothing/Clothing/Skirts,-2
Clothing & Accessories/Clothing/Clothing/Suits,1
Clothing & Accessories/Clothing/Clothing/Swimwear,0
Clothing & Accessories/Clothing/Clothing/Swimwear/Bikinis,-2
Clothing & Accessories/Clothing/Clothing/Swimwear/Bikinis/Bikini Bottoms,-2
Clothing & Accessories/Clothing/Clothing/Swimwear/Bikinis/Bikini Sets,-2
Clothing & Accessories/Clothing/Clothing/Swimwear/Bikinis/Bikini Tops,-2
Clothing & Accessories/Clothing/Clothing/Swimwear/Burkinis & Modest Swimwear,-1
Clothing & Accessories/Clothing/Clothing/Swimwear/Swimming Trunks,1
Clothing & Accessories/Clothing/Clothing/Swimwear/Swimsuits,-1
Clothing & Accessories/Clothing/Clothing/Swimwear/Tankinis,-1
Clothing & Accessories/Clothing/Clothing/Tops,0
Clothing & Accessories/Clothing/Clothing/Tops/Blazer,1
Clothing & Accessories/Clothing/Clothing/Tops/Blouses,-1
Clothing & Accessories/Clothing/Clothing/Tops/Cardigans,0
Clothing & Accessories/Clothing/Clothing/Tops/Jumpers,0
Clothing & Accessories/Clothing/Clothing/Tops/Shirts,1
Clothing & Accessories/Clothing/Clothing/Tops/T-shirts & Tank Tops,0
Clothing & Accessories/Clothing/Clothing/Tops/T-shirts & Tank Tops/Polo Shirts,1
Clothing & Accessories/Clothing/Clothing/Tops/T-shirts & Tank Tops/T-shirts,0
Clothing & Accessories/Clothing/Clothing/Tops/T-shirts & Tank Tops/Tank Tops,0
Clothing & Accessories/Clothing/Clothing/Trousers & Shorts,0
Clothing & Accessories/Clothing/Clothing/Trousers & Shorts/Jeans,0
Clothing & Accessories/Clothing & Accessories/Fancy Dresses/Colored Lenses/Crazy Lenses,0
Clothing & Accessories/Clothing & Accessories/Fancy Dresses/Colored Lenses/Sclera Lenses,0
Clothing & Accessories/Clothing & Accessories/Fancy Dresses/Colored Lenses/UV Lenses,0
Clothing & Accessories/Clothing & Accessories/Fancy Dresses/Fancy Dresses,-2
Clothing & Accessories/Clothing & Accessories/Fancy Dresses/Headgear,0
Clothing & Accessories/Clothing & Accessories/Fancy Dresses/Headgear/Caps,2
Clothing & Accessories/Clothing & Accessories/Fancy Dresses/Headgear/Crowns & Tiaras,-1
Clothing & Accessories/Clothing & Accessories/Fancy Dresses/Headgear/Hats,0
Clothing & Accessories/Clothing & Accessories/Fancy Dresses/Headgear/Helmets,2
Clothing & Accessories/Clothing & Accessories/Fancy Dresses/Headgear/Santa Hats,0
Clothing & Accessories/Clothing & Accessories/Fancy Dresses/Headgear/Veils,-2
Clothing & Accessories/Clothing & Accessories/Fancy Dresses/Makeup,0
Clothing & Accessories/Clothing & Accessories/Fancy Dresses/Masks,0
Clothing & Accessories/Clothing & Accessories/Fancy Dresses/Masks/Ani-Motion Masks,0
Clothing & Accessories/Clothing & Accessories/Fancy Dresses/Masks/Eye Masks,0
Clothing & Accessories/Clothing & Accessories/Fancy Dresses/Masks/Facemasks,0
Clothing & Accessories/Clothing & Accessories/Fancy Dresses/Masks/Half Masks,0
Clothing & Accessories/Clothing & Accessories/Fancy Dresses/Masks/Head Masks,0
Clothing & Accessories/Clothing & Accessories/Fancy Dresses/Masks/Morph Masks,0
Clothing & Accessories/Clothing & Accessories/Fancy Dresses/Masks/Santa Masks,0
Clothing & Accessories/Clothing & Accessories/Fancy Dresses/Shoes,0
Clothing & Accessories/Clothing & Accessories/Fancy Dresses/Wigs,0
Clothing & Accessories/Clothing & Accessories/Fancy Dresses/Wigs/Long Wigs,-1
Clothing & Accessories/Clothing & Accessories/Fancy Dresses/Wigs/Short Wigs,-1
Clothing & Accessories/Clothing & Accessories/Fancy Dresses/Wigs/Wig Accessories,0
Clothing & Accessories/Clothing & Accessories/Work Clothes,0
Clothing & Accessories/Clothing & Accessories/Work Clothes/Protective Gear,2
Clothing & Accessories/Clothing & Accessories/Work Clothes/Protective Gear/Disposable Coveralls,2
Clothing & Accessories/Clothing & Accessories/Work Clothes/Protective Gear/Eye Protection,2
Clothing & Accessories/Clothing & Accessories/Work Clothes/Protective Gear/Face Masks,0
Clothing & Accessories/Clothing & Accessories/Work Clothes/Protective Gear/Hearing Protection,2
Clothing & Accessories/Clothing & Accessories/Work Clothes/Protective Gear/Knee Pads,2
Clothing & Accessories/Clothing & Accessories/Work Clothes/Protective Gear/Safety Helmets,2
Clothing & Accessories/Clothing & Accessories/Work Clothes/Work Gloves,2
Clothing & Accessories/Clothing & Accessories/Work Clothes/Work Gloves/Cotton Gloves,2
Clothing & Accessories/Clothing & Accessories/Work Clothes/Work Gloves/Disposable Gloves,2
Clothing & Accessories/Clothing & Accessories/Work Clothes/Work Gloves/Gardening Gloves,0
Clothing & Accessories/Clothing & Accessories/Work Clothes/Work Shoes,2
Clothing & Accessories/Clothing & Accessories/Work Clothes/Work Shoes/Clogs,0
Clothing & Accessories/Clothing & Accessories/Work Clothes/Work Shoes/Safety Boots,2
Clothing & Accessories/Clothing & Accessories/Work Clothes/Work Shoes/Safety Sandals,0
Clothing & Accessories/Clothing & Accessories/Work Clothes/Work Shoes/Safety Shoes,2
Clothing & Accessories/Clothing & Accessories/Work Clothes/Work Shoes/Safety Wellingtons,2
Clothing & Accessories/Clothing & Accessories/Work Clothes/Work Wear,0
Clothing & Accessories/Clothing & Accessories/Work Clothes/Work Wear/Accessories,0
Clothing & Accessories/Clothing & Accessories/Work Clothes/Work Wear/Accessories/Braces,0
Clothing & Accessories/Clothing & Accessories/Work Clothes/Work Wear/Accessories/Pockets Holders Pouches & Holsters,0
Clothing & Accessories/Clothing & Accessories/Work Clothes/Work Wear/Accessories/Toolbelts,0
Clothing & Accessories/Clothing & Accessories/Work Clothes/Work Wear/Overalls,0
Clothing & Accessories/Clothing & Accessories/Work Clothes/Work Wear/Work Jackets,2
Clothing & Accessories/Clothing & Accessories/Work Clothes/Work Wear/Work Pants,2
Clothing & Accessories/Clothing & Accessories/Work Clothes/Work Wear/Work Vests,2
Clothing & Accessories/Clothing/Children's Clothing,0
Clothing & Accessories/Clothing/Children's Clothing/Accessories,0
Clothing & Accessories/Clothing/Children's Clothing/Accessories/Balaclavas,0
Clothing & Accessories/Clothing/Children's Clothing/Accessories/Beanies,0
Clothing & Accessories/Clothing/Children's Clothing/Accessories/Bucket Hats,0
Clothing & Accessories/Clothing/Children's Clothing/Accessories/Caps,0
Clothing & Accessories/Clothing/Children's Clothing/Accessories/Ear Muffs,0
Clothing & Accessories/Clothing/Children's Clothing/Accessories/Headbands,0
Clothing & Accessories/Clothing/Children's Clothing/Accessories/Mitten Clips,0
Clothing & Accessories/Clothing/Children's Clothing/Accessories/Mittens,0
Clothing & Accessories/Clothing/Children's Clothing/Accessories/Scarfs,0
Clothing & Accessories/Clothing/Children's Clothing/Accessories/Ties & Bow Ties,0
Clothing & Accessories/Clothing/Children's Clothing/Base Layer,0
Clothing & Accessories/Clothing/Children's Clothing/Bodysuits,0
Clothing & Accessories/Clothing/Children's Clothing/Christening Garments,0
Clothing & Accessories/Clothing/Children's Clothing/Dresses,-1
Clothing & Accessories/Clothing/Children's Clothing/Jumpsuits,0
Clothing & Accessories/Clothing/Children's Clothing/Night Garments,0
Clothing & Accessories/Clothing/Children's Clothing/Night Garments/Dressing Gowns,0
Clothing & Accessories/Clothing/Children's Clothing/Night Garments/Nightgowns,-1
Clothing & Accessories/Clothing/Children's Clothing/Night Garments/Pyjamases,0
Clothing & Accessories/Clothing/Children's Clothing/Other Sets,0
Clothing & Accessories/Clothing/Children's Clothing/Outerwear,0
Clothing & Accessories/Clothing/Children's Clothing/Outerwear/Fleece Garment,0
Clothing & Accessories/Clothing/Children's Clothing/Outerwear/Fleece Garment/Fleece Jackets,0
Clothing & Accessories/Clothing/Children's Clothing/Outerwear/Fleece Garment/Fleece Overalls,0
Clothing & Accessories/Clothing/Children's Clothing/Outerwear/Fleece Garment/Fleece Pants,0
Clothing & Accessories/Clothing/Children's Clothing/Outerwear/Fleece Garment/Fleece Sets,0
Clothing & Accessories/Clothing/Children's Clothing/Outerwear/Jackets,0
Clothing & Accessories/Clothing/Children's Clothing/Outerwear/Outdoor Vests,0
Clothing & Accessories/Clothing/Children's Clothing/Outerwear/Outdoor Vests/Denim Vests,0
Clothing & Accessories/Clothing/Children's Clothing/Outerwear/Outdoor Vests/Fur Vests,0
Clothing & Accessories/Clothing/Children's Clothing/Outerwear/Outdoor Vests/Padded Vests,0
Clothing & Accessories/Clothing/Children's Clothing/Outerwear/Outerwear Trousers,0
Clothing & Accessories/Clothing/Children's Clothing/Outerwear/Outerwear Trousers/Soft Shell Pants,0
Clothing & Accessories/Clothing/Children's Clothing/Outerwear/Outerwear Trousers/Thermal Trousers,0
Clothing & Accessories/Clothing/Children's Clothing/Outerwear/Overalls,0
Clothing & Accessories/Clothing/Children's Clothing/Outerwear/Overalls/Light Weight Overalls,0
Clothing & Accessories/Clothing/Children's Clothing/Outerwear/Overalls/Snowsuits,0
Clothing & Accessories/Clothing/Children's Clothing/Outerwear/Overalls/Softshell Overalls,0
Clothing & Accessories/Clothing/Children's Clothing/Outerwear/Padded Skirts,0
Clothing & Accessories/Clothing/Children's Clothing/Outerwear/Rainwear,0
Clothing & Accessories/Clothing/Children's Clothing/Outerwear/Rainwear/Rain Gloves,0
Clothing & Accessories/Clothing/Children's Clothing/Outerwear/Rainwear/Rain Hats,0
Clothing & Accessories/Clothing/Children's Clothing/Outerwear/Rainwear/Rain Jackets,0
Clothing & Accessories/Clothing/Children's Clothing/Outerwear/Rainwear/Rain Overalls,0
Clothing & Accessories/Clothing/Children's Clothing/Outerwear/Rainwear/Rain Pants,0
Clothing & Accessories/Clothing/Children's Clothing/Outerwear/Rainwear/Rain Sets,0
Bathroom & Sauna/Showers & Baththubs,0
Bathroom & Sauna/Showers & Baththubs/Bathtubs,0
Bathroom & Sauna/Showers & Baththubs/Bathtubs/Bathtub Screens & Front Panels,0
Bathroom & Sauna/Showers & Baththubs/Bathtubs/Built-In Bathtubs,0
Bathroom & Sauna/Showers & Baththubs/Bathtubs/Corner Bathubs,0
Bathroom & Sauna/Showers & Baththubs/Bathtubs/Freestanding Bathtubs,0
Bathroom & Sauna/Showers & Baththubs/Bathtubs/Whirlpool Bathubs,0
Bathroom & Sauna/Showers & Baththubs/Shower Sets,0
Bathroom & Sauna/Showers & Baththubs/Shower Sets/Outdoor Showers,0
Bathroom & Sauna/Showers & Baththubs/Shower Sets/Overhead & Ceiling Showers,0
Bathroom & Sauna/Showers & Baththubs/Shower Sets/Shower Rail Kits & Handsets,0
Bathroom & Sauna/Showers & Baththubs/Shower Sets/Shower Systems,0
Bathroom & Sauna/Showers & Baththubs/Shower Sets/Shower Towers,0
Bathroom & Sauna/Showers & Baththubs/Showers,0
Bathroom & Sauna/Showers & Baththubs/Showers/Shower Cabin,0
Bathroom & Sauna/Showers & Baththubs/Showers/Shower Corner,0
Bathroom & Sauna/Showers & Baththubs/Showers/Shower Door,0
Bathroom & Sauna/Showers & Baththubs/Showers/Shower Trays,0
Bathroom & Sauna/Showers & Baththubs/Showers/Shower Wall,0
Clothing & Accessories,0
Clothing & Accessories/Accessories,0
Clothing & Accessories/Accessories/Bags,0
Clothing & Accessories/Accessories/Bags/Backpacks,0
Clothing & Accessories/Accessories/Bags/Backpacks/Gymsacks,0
Clothing & Accessories/Accessories/Bags/Backpacks/Hiking Backpacks,0
Clothing & Accessories/Accessories/Bags/Backpacks/Running Backpacks,0
Clothing & Accessories/Accessories/Bags/Backpacks/School Bags,0
Clothing & Accessories/Accessories/Bags/Bag Accessories,0
Clothing & Accessories/Accessories/Bags/Briefcases,2
Clothing & Accessories/Accessories/Bags/Bum Bags,0
Clothing & Accessories/Accessories/Bags/Computer Bags,0
Clothing & Accessories/Accessories/Bags/Computer Bags/Computer Cases,0
Clothing & Accessories/Accessories/Bags/Duffle Bags & Sport Bags,0
Clothing & Accessories/Accessories/Bags/Handbags,-1
Clothing & Accessories/Accessories/Bags/Handbags/Beach Bags,-1
Clothing & Accessories/Accessories/Bags/Handbags/Bucket Bags,-1
Clothing & Accessories/Accessories/Bags/Handbags/Clutches,-1
Clothing & Accessories/Accessories/Bags/Handbags/Crossbody Bags,-1
Clothing & Accessories/Accessories/Bags/Handbags/Fabric Tote Bags,-1
Clothing & Accessories/Accessories/Bags/Handbags/Messenger Bags,-1
Clothing & Accessories/Accessories/Bags/Handbags/Net Bags,-1
Clothing & Accessories/Accessories/Bags/Handbags/Totes & Shopping Bags,-1
Clothing & Accessories/Accessories/Bags/Shopping Trolleys,0
Clothing & Accessories/Accessories/Bags/Toiletry Bags & Cosmetic Bags,0
Clothing & Accessories/Accessories/Bags/Toiletry Bags & Cosmetic Bags/Cosmetic Bags,-2
Clothing & Accessories/Accessories/Bags/Toiletry Bags & Cosmetic Bags/Toiletry Bags,0
Clothing & Accessories/Accessories/Bags/Weekend Bags,0
Clothing & Accessories/Accessories/Jewellery,-1
Clothing & Accessories/Accessories/Jewellery/Anklets,-1
Clothing & Accessories/Accessories/Jewellery/Bracelets,-1
Clothing & Accessories/Accessories/Jewellery/Brooches,-1
Clothing & Accessories/Accessories/Jewellery/Charms & Pendants,-1
Clothing & Accessories/Accessories/Jewellery/Cufflinks,2
Clothing & Accessories/Accessories/Jewellery/Earrings,-1
Clothing & Accessories/Accessories/Jewellery/Jewellery Cleaner,0
Clothing & Accessories/Accessories/Jewellery/Jewellery Sets,-1
Clothing & Accessories/Accessories/Jewellery/Jewellery Storage,0
Clothing & Accessories/Accessories/Jewellery/Jewellery Storage/Jewellery Boxes,0
Clothing & Accessories/Accessories/Jewellery/Jewellery Storage/Jewellery Stands,0
Clothing & Accessories/Accessories/Jewellery/Jewellery Storage/Ring Holders,0
Clothing & Accessories/Accessories/Jewellery/Necklaces,-1
Clothing & Accessories/Accessories/Jewellery/Rings,-1
Clothing & Accessories/Accessories/Jewellery/Tie Clips,2
Clothing & Accessories/Accessories/Luggage,0
Clothing & Accessories/Accessories/Luggage/Beauty Cases,0
Clothing & Accessories/Accessories/Luggage/Cabin Bags,0
Clothing & Accessories/Accessories/Luggage/Children's Luggage,0
Clothing & Accessories/Accessories/Luggage/Garment Bags,0
Clothing & Accessories/Accessories/Luggage/Suitcase Set,0
Clothing & Accessories/Accessories/Luggage/Suitcases,0
Clothing & Accessories/Accessories/Luggage/Travel Accessories,0
Clothing & Accessories/Accessories/Luggage/Travel Accessories/Luggage Scales,0
Clothing & Accessories/Accessories/Luggage/Travel Accessories/Luggage Straps,0
Clothing & Accessories/Accessories/Luggage/Travel Accessories/Luggage Tags,0
Clothing & Accessories/Accessories/Luggage/Travel Accessories/Packing Cubes,0
Clothing & Accessories/Accessories/Sunglasses,0
Clothing & Accessories/Accessories/Umbrellas,0
Clothing & Accessories/Accessories/Wallets & Key Holders,0
Clothing & Accessories/Accessories/Wallets & Key Holders/Card Cases,0
Clothing & Accessories/Accessories/Wallets & Key Holders/Coin Purses,0
Clothing & Accessories/Accessories/Wallets & Key Holders/Key Cases,0
Clothing & Accessories/Accessories/Wallets & Key Holders/Keychains,0
Clothing & Accessories/Accessories/Wallets & Key Holders/Money Clips,2
Clothing & Accessories/Accessories/Wallets & Key Holders/Passport Covers,0
Clothing & Accessories/Accessories/Wallets & Key Holders/RIFD Blocking Card,0
Clothing & Accessories/Accessories/Wallets & Key Holders/Travel Wallets,0
Clothing & Accessories/Accessories/Wallets & Key Holders/Wallets,0
Clothing & Accessories/Accessories/Watches,0
Clothing & Accessories/Accessories/Watches/Pocket Watches,0
Clothing & Accessories/Accessories/Watches/Watch Accessories,0
Clothing & Accessories/Accessories/Watches/Watch Accessories/Watch Boxes,0
Clothing & Accessories/Accessories/Watches/Watch Accessories/Watch Winder,0
Clothing & Accessories/Accessories/Watches/Watch Straps,0
Clothing & Accessories/Accessories/Watches/Wrist Watches,0
Clothing & Accessories/Clothing,0
Clothing & Accessories/Clothing & Accessories,0
Clothing & Accessories/Clothing & Accessories/Fancy Dresses,-2
Clothing & Accessories/Clothing & Accessories/Fancy Dresses/Accessories,0
Clothing & Accessories/Clothing & Accessories/Fancy Dresses/Colored Lenses,0
Clothing & Accessories/Clothing & Accessories/Fancy Dresses/Colored Lenses/Basic Lenses,0
